-- phpMyAdmin SQL Dump
-- version 5.2.1
-- https://www.phpmyadmin.net/
--
-- Host: 127.0.0.1
-- Waktu pembuatan: 13 Jan 2025 pada 03.47
-- Versi server: 10.4.28-MariaDB
-- Versi PHP: 8.2.4

SET SQL_MODE = "NO_AUTO_VALUE_ON_ZERO";
START TRANSACTION;
SET time_zone = "+00:00";


/*!40101 SET @OLD_CHARACTER_SET_CLIENT=@@CHARACTER_SET_CLIENT */;
/*!40101 SET @OLD_CHARACTER_SET_RESULTS=@@CHARACTER_SET_RESULTS */;
/*!40101 SET @OLD_COLLATION_CONNECTION=@@COLLATION_CONNECTION */;
/*!40101 SET NAMES utf8mb4 */;

--
-- Database: `db_restoran`
--

-- --------------------------------------------------------

--
-- Struktur dari tabel `tb_level`
--

CREATE TABLE `tb_level` (
  `id_level` int(11) NOT NULL,
  `nama_level` varchar(150) NOT NULL
) ENGINE=InnoDB DEFAULT CHARSET=latin1 COLLATE=latin1_swedish_ci;

--
-- Dumping data untuk tabel `tb_level`
--

INSERT INTO `tb_level` (`id_level`, `nama_level`) VALUES
(1, 'Administrator'),
(2, 'Kasir'),
(3, 'Owner'),
(4, 'Pelanggan');

-- --------------------------------------------------------

--
-- Struktur dari tabel `tb_masakan`
--

CREATE TABLE `tb_masakan` (
  `id_masakan` int(11) NOT NULL,
  `nama_masakan` varchar(150) NOT NULL,
  `harga` varchar(150) NOT NULL,
  `stok` int(11) NOT NULL,
  `status_masakan` varchar(150) NOT NULL,
  `gambar_masakan` varchar(150) NOT NULL
) ENGINE=InnoDB DEFAULT CHARSET=latin1 COLLATE=latin1_swedish_ci;

--
-- Dumping data untuk tabel `tb_masakan`
--

INSERT INTO `tb_masakan` (`id_masakan`, `nama_masakan`, `harga`, `stok`, `status_masakan`, `gambar_masakan`) VALUES
(22, 'Seblak Kerupuk', '10000', 50, 'tersedia', 'Seblak Kerupuk.jpeg'),
(23, 'Seblak Jahanam', '15000', 47, 'tersedia', 'Seblak Jahanam.jpg'),
(29, 'Seblak Mie Pedas', '20000', 50, 'tersedia', 'Seblak Mie Pedas.jpg'),
(30, 'Seblak Komplit', '25000', 48, 'tersedia', 'Seblak Komplit.jpg'),
(31, 'Seblak Kerupuk Pedas', '20000', 50, 'tersedia', 'Seblak Kerupuk Pedas.jpeg'),
(32, 'Kerupuk', '1000', 100, 'tersedia', 'Kerupuk.png'),
(33, 'Mie', '1000', 100, 'tersedia', 'Mie.png'),
(34, 'Telur', '3000', 100, 'tersedia', 'Telur.png'),
(35, 'Bakso', '4000', 100, 'tersedia', 'Bakso.png'),
(36, 'Sosis', '2000', 100, 'tersedia', 'Sosis.png'),
(37, 'Ayam', '4000', 98, 'tersedia', 'Ayam.png'),
(38, 'Frozen Food', '2000', 97, 'tersedia', 'Frozen Food.png'),
(40, 'Jamur Enoki', '3000', 100, 'tersedia', 'Jamur Enoki.png');

-- --------------------------------------------------------

--
-- Struktur dari tabel `tb_order`
--

CREATE TABLE `tb_order` (
  `id_order` int(11) NOT NULL,
  `id_admin` int(11) DEFAULT NULL,
  `id_pengunjung` int(11) NOT NULL,
  `waktu_pesan` datetime NOT NULL,
  `no_meja` int(11) NOT NULL,
  `total_harga` varchar(150) NOT NULL,
  `uang_bayar` varchar(150) DEFAULT NULL,
  `uang_kembali` varchar(150) DEFAULT NULL,
  `status_order` varchar(150) NOT NULL
) ENGINE=InnoDB DEFAULT CHARSET=latin1 COLLATE=latin1_swedish_ci;

--
-- Dumping data untuk tabel `tb_order`
--

INSERT INTO `tb_order` (`id_order`, `id_admin`, `id_pengunjung`, `waktu_pesan`, `no_meja`, `total_harga`, `uang_bayar`, `uang_kembali`, `status_order`) VALUES
(27, 1, 6, '2025-01-09 08:40:40', 5, '45000', '50000', '5000', 'sudah bayar'),
(30, 6, 6, '2025-01-13 07:22:34', 2, '14000', '50000', '36000', 'sudah bayar');

-- --------------------------------------------------------

--
-- Struktur dari tabel `tb_pesan`
--

CREATE TABLE `tb_pesan` (
  `id_pesan` int(11) NOT NULL,
  `id_user` int(11) NOT NULL,
  `id_order` int(11) DEFAULT NULL,
  `id_masakan` int(11) NOT NULL,
  `jumlah` int(11) DEFAULT NULL,
  `status_pesan` varchar(150) DEFAULT NULL
) ENGINE=InnoDB DEFAULT CHARSET=latin1 COLLATE=latin1_swedish_ci;

--
-- Dumping data untuk tabel `tb_pesan`
--

INSERT INTO `tb_pesan` (`id_pesan`, `id_user`, `id_order`, `id_masakan`, `jumlah`, `status_pesan`) VALUES
(51, 1, 0, 19, 0, 'sudah'),
(52, 1, 0, 18, 0, 'sudah'),
(62, 6, 27, 23, 3, 'sudah'),
(66, 6, 30, 37, 2, 'sudah'),
(67, 6, 30, 38, 3, 'sudah');

-- --------------------------------------------------------

--
-- Struktur dari tabel `tb_stok`
--

CREATE TABLE `tb_stok` (
  `id_stok` int(11) NOT NULL,
  `id_pesan` int(11) NOT NULL,
  `jumlah_terjual` int(11) DEFAULT NULL,
  `status_cetak` varchar(150) NOT NULL
) ENGINE=InnoDB DEFAULT CHARSET=latin1 COLLATE=latin1_swedish_ci;

--
-- Dumping data untuk tabel `tb_stok`
--

INSERT INTO `tb_stok` (`id_stok`, `id_pesan`, `jumlah_terjual`, `status_cetak`) VALUES
(1, 46, 1, 'belum cetak'),
(2, 47, 2, 'belum cetak'),
(3, 48, 2, 'belum cetak'),
(4, 49, 1, 'belum cetak'),
(5, 50, 2, 'belum cetak'),
(6, 51, 0, 'belum cetak'),
(7, 52, 0, 'belum cetak'),
(8, 53, 0, 'belum cetak'),
(9, 54, 0, 'belum cetak'),
(10, 55, 0, 'belum cetak'),
(11, 56, 2, 'belum cetak'),
(12, 57, 1, 'belum cetak'),
(13, 58, 6, 'belum cetak'),
(14, 59, 1, 'belum cetak'),
(15, 60, 1, 'belum cetak'),
(16, 61, 2, 'belum cetak'),
(17, 62, 3, 'belum cetak'),
(18, 63, 0, 'belum cetak'),
(19, 64, 0, 'belum cetak'),
(20, 65, 2, 'belum cetak'),
(21, 66, 2, 'belum cetak'),
(22, 67, 3, 'belum cetak');

-- --------------------------------------------------------

--
-- Struktur dari tabel `tb_user`
--

CREATE TABLE `tb_user` (
  `id_user` int(11) NOT NULL,
  `username` varchar(150) NOT NULL,
  `password` varchar(150) NOT NULL,
  `nama_user` varchar(150) NOT NULL,
  `id_level` int(11) NOT NULL,
  `status` varchar(150) NOT NULL
) ENGINE=InnoDB DEFAULT CHARSET=latin1 COLLATE=latin1_swedish_ci;

--
-- Dumping data untuk tabel `tb_user`
--

INSERT INTO `tb_user` (`id_user`, `username`, `password`, `nama_user`, `id_level`, `status`) VALUES
(1, 'admin', '123', 'Yafi Adyatma', 1, 'aktif'),
(6, 'hendro', '123', 'Hendro', 2, 'aktif'),
(7, 'fitri', '123', 'Fitri', 2, 'aktif'),
(8, 'yafi', '123', 'Yafi', 2, 'aktif'),
(21, 'fiaz', '123', 'Faiz', 2, 'aktif'),
(22, 'lia', '123', 'Amalia', 3, 'aktif');

--
-- Indexes for dumped tables
--

--
-- Indeks untuk tabel `tb_level`
--
ALTER TABLE `tb_level`
  ADD PRIMARY KEY (`id_level`);

--
-- Indeks untuk tabel `tb_masakan`
--
ALTER TABLE `tb_masakan`
  ADD PRIMARY KEY (`id_masakan`);

--
-- Indeks untuk tabel `tb_order`
--
ALTER TABLE `tb_order`
  ADD PRIMARY KEY (`id_order`),
  ADD KEY `id_admin` (`id_admin`),
  ADD KEY `id_pengunjung` (`id_pengunjung`);

--
-- Indeks untuk tabel `tb_pesan`
--
ALTER TABLE `tb_pesan`
  ADD PRIMARY KEY (`id_pesan`);

--
-- Indeks untuk tabel `tb_stok`
--
ALTER TABLE `tb_stok`
  ADD PRIMARY KEY (`id_stok`);

--
-- Indeks untuk tabel `tb_user`
--
ALTER TABLE `tb_user`
  ADD PRIMARY KEY (`id_user`),
  ADD UNIQUE KEY `username` (`username`),
  ADD KEY `id_level` (`id_level`);

--
-- AUTO_INCREMENT untuk tabel yang dibuang
--

--
-- AUTO_INCREMENT untuk tabel `tb_level`
--
ALTER TABLE `tb_level`
  MODIFY `id_level` int(11) NOT NULL AUTO_INCREMENT, AUTO_INCREMENT=6;

--
-- AUTO_INCREMENT untuk tabel `tb_masakan`
--
ALTER TABLE `tb_masakan`
  MODIFY `id_masakan` int(11) NOT NULL AUTO_INCREMENT, AUTO_INCREMENT=42;

--
-- AUTO_INCREMENT untuk tabel `tb_order`
--
ALTER TABLE `tb_order`
  MODIFY `id_order` int(11) NOT NULL AUTO_INCREMENT, AUTO_INCREMENT=31;

--
-- AUTO_INCREMENT untuk tabel `tb_pesan`
--
ALTER TABLE `tb_pesan`
  MODIFY `id_pesan` int(11) NOT NULL AUTO_INCREMENT, AUTO_INCREMENT=68;

--
-- AUTO_INCREMENT untuk tabel `tb_stok`
--
ALTER TABLE `tb_stok`
  MODIFY `id_stok` int(11) NOT NULL AUTO_INCREMENT, AUTO_INCREMENT=23;

--
-- AUTO_INCREMENT untuk tabel `tb_user`
--
ALTER TABLE `tb_user`
  MODIFY `id_user` int(11) NOT NULL AUTO_INCREMENT, AUTO_INCREMENT=23;

--
-- Ketidakleluasaan untuk tabel pelimpahan (Dumped Tables)
--

--
-- Ketidakleluasaan untuk tabel `tb_user`
--
ALTER TABLE `tb_user`
  ADD CONSTRAINT `tb_user_ibfk_1` FOREIGN KEY (`id_level`) REFERENCES `tb_level` (`id_level`);
COMMIT;

/*!40101 SET CHARACTER_SET_CLIENT=@OLD_CHARACTER_SET_CLIENT */;
/*!40101 SET CHARACTER_SET_RESULTS=@OLD_CHARACTER_SET_RESULTS */;
/*!40101 SET COLLATION_CONNECTION=@OLD_COLLATION_CONNECTION */;
